repeat,seed,model,test_r_stacked,test_r_group,test_R2
0,1000,CP_baseline,0.21196002490456745,0.47158098280694216,0.043614003319625616
0,1000,SC_spectral,0.2173113054990701,0.483486822897155,0.04608731899512897
0,1000,Geometric,0.29792722254985604,0.6628458006563304,0.0875793070307036
0,1000,Hybrid,0.34408943449728757,0.7655501728062841,0.11721161678994518
1,1001,CP_baseline,0.2000650296405177,0.43894004571904843,0.025524069676056915
1,1001,SC_spectral,0.2501951055193541,0.5489247733733189,0.04813544541901471
1,1001,Geometric,0.2908053853162177,0.6380231935356429,0.06926461026807096
1,1001,Hybrid,0.341869125286826,0.7500563679367782,0.10145753429454307
2,1002,CP_baseline,0.2164146662201222,0.4476306923116259,0.03782600565455729
2,1002,SC_spectral,0.23632731377416172,0.4888178833927787,0.046830403404760634
2,1002,Geometric,0.32219032755040017,0.6664163843258297,0.09420227993662988
2,1002,Hybrid,0.36694720639062706,0.7589912223018317,0.12507508261779254
3,1003,CP_baseline,0.19314241645983618,0.4349797379341589,0.03395014371686822
3,1003,SC_spectral,0.2203717457978655,0.49630343242175384,0.045280849497617126
3,1003,Geometric,0.3026161318703747,0.681527590616001,0.08877623642873456
3,1003,Hybrid,0.3389816209831609,0.7634270056386798,0.11170483980261603
4,1004,CP_baseline,0.2194312557235277,0.4709275059767454,0.0475190436369638
4,1004,SC_spectral,0.23086406098651352,0.49546376655212704,0.0526601299256535
4,1004,Geometric,0.3128172198852224,0.671345714635728,0.09710196886914824
4,1004,Hybrid,0.35950962426763405,0.7715535791505789,0.12855963790529057
5,1005,CP_baseline,0.20547029499283592,0.44605865067875183,0.04215878005297413
5,1005,SC_spectral,0.22683406043509285,0.49243758047452985,0.05128980287458651
5,1005,Geometric,0.3049249395027156,0.6619662811971131,0.0927721423327671
5,1005,Hybrid,0.35120570136064305,0.762437905026979,0.12308620336555098
6,1006,CP_baseline,0.1933711799357436,0.43466016226265713,0.030898752676402852
6,1006,SC_spectral,0.22234158860388753,0.4997799103900425,0.043201417230888994
6,1006,Geometric,0.29203049790114505,0.656426793514607,0.07895136327977748
6,1006,Hybrid,0.3342841886736218,0.7514047322822343,0.10462073219236268
7,1007,CP_baseline,0.2177760360645897,0.4649624688336531,0.046701463532461296
7,1007,SC_spectral,0.2576285878505991,0.5500496125001317,0.06550730972057828
7,1007,Geometric,0.31483443339280914,0.6721868855246704,0.09723021002491783
7,1007,Hybrid,0.3613205389361671,0.7714369903134772,0.12904823363416296
8,1008,CP_baseline,0.20605007718188215,0.4537648442211411,0.032265577845974835
8,1008,SC_spectral,0.2227436019890627,0.4905274350788269,0.03941791836364328
8,1008,Geometric,0.2962646785299045,0.6524360366178468,0.07757350018575693
8,1008,Hybrid,0.340401132927454,0.7496336287182325,0.1056812961242547
9,1009,CP_baseline,0.22465544303637697,0.467499121392749,0.03035382518965546
9,1009,SC_spectral,0.23713213701959282,0.49346262976007205,0.03611737232141421
9,1009,Geometric,0.3248600262610123,0.6760209091753765,0.08416341092013935
9,1009,Hybrid,0.37187739551909715,0.7738622012503433,0.1167465797697228
