pair_set,model,n_pairs,test_r_stacked,test_r_group,test_R2
all_pairs,CP_baseline,4950,0.2888250300505413,0.5679041241638396,0.08204071042721017
all_pairs,SC_spectral,4950,0.3098735010526457,0.6092908193797851,0.09463987921461825
all_pairs,Geometric,4950,0.3572656991321493,0.7024760420657483,0.1263019216618554
all_pairs,Hybrid,4950,0.4082513758420511,0.8027269658578123,0.1653138527901714
distance1_only,CP_baseline,296,0.1952788176736459,0.3896493506312656,0.03505776446518383
distance1_only,SC_spectral,296,0.2815632794875077,0.5618169462561382,0.07602041088202471
distance1_only,Geometric,296,0.39131786816245884,0.7808156308828933,0.149952445959059
distance1_only,Hybrid,296,0.4579743124827602,0.9138184857455267,0.20661312420101619
distance_geq2_original,CP_baseline,4654,0.20993956672186287,0.44999838069872167,0.04274222439110076
distance_geq2_original,SC_spectral,4654,0.23205002188921414,0.49739139563716583,0.05251399135999657
distance_geq2_original,Geometric,4654,0.3019122352843839,0.6471386938275311,0.08984080308822096
distance_geq2_original,Hybrid,4654,0.3519843311963123,0.7544665426480006,0.12257638070594157
