model,K,inner_r_mean,inner_r_sd,inner_R2_mean
SC_spectral,10,0.08410806835502548,0.009265699348308577,0.002875650570636057
SC_spectral,20,0.09487152899066746,0.009155158639656382,0.004800899618714061
SC_spectral,30,0.12106871335057504,0.009820000712407408,0.010466870747944812
SC_spectral,40,0.14306603073931173,0.010795277758721982,0.016278287775889043
SC_spectral,50,0.15209389964563946,0.011552771917034065,0.018932006638810693
SC_spectral,60,0.17942353897571034,0.012932406964406295,0.027980615255848516
SC_spectral,70,0.20257089157626193,0.015098559763146717,0.03680988798113205
SC_spectral,80,0.22040063431950457,0.01678275508057717,0.04432177886879116
SC_spectral,90,0.22788040867942616,0.017450044635865858,0.04766382455724214
SC_spectral,99,0.22861608089486324,0.017403915654223792,0.04800692351034441
Geometric,10,0.20421727563404501,0.006398817091796953,0.037547615010695236
Geometric,20,0.20575916437732963,0.006655008141522914,0.038179332154608295
Geometric,30,0.2065924622332438,0.006592651964072268,0.03852047127842948
Geometric,40,0.20710518069066214,0.006550807830679757,0.038732099902006524
Geometric,50,0.2077183520266752,0.006580847481422674,0.03898164207285106
Geometric,60,0.20870409191858325,0.006490668338744329,0.039396221460479164
Geometric,70,0.21002308062036254,0.006423460138787037,0.03995150075899103
Geometric,80,0.21172142817277056,0.006498064333862474,0.04067299667415838
Geometric,90,0.21219732432316646,0.006467173679631493,0.040877721607864716
Geometric,99,0.3040250638403891,0.016538431798052176,0.08822616453185612
