sc_config,model,density,n_pairs,test_r_stacked,test_r_group,test_R2
binary_50pct,CP_baseline,0.08808080808080808,4514,0.2025224469469827,0.44584925949816656,0.03967900381424905
binary_50pct,SC_spectral,0.08808080808080808,4514,0.2506966484694641,0.551903834679833,0.06149222995495296
binary_50pct,Geometric,0.08808080808080808,4514,0.28418507599153486,0.6256279617460138,0.07942481868857376
binary_50pct,Hybrid,0.08808080808080808,4514,0.3374458483733191,0.7428805245344505,0.11253260551287358
binary_60pct_original,CP_baseline,0.0597979797979798,4654,0.20993956672186287,0.44999838069872167,0.04274222439110076
binary_60pct_original,SC_spectral,0.0597979797979798,4654,0.23205002188921414,0.49739139563716583,0.05251399135999657
binary_60pct_original,Geometric,0.0597979797979798,4654,0.3019122352843839,0.6471386938275311,0.08984080308822096
binary_60pct_original,Hybrid,0.0597979797979798,4654,0.3519843311963123,0.7544665426480006,0.12257638070594157
binary_75pct,CP_baseline,0.025252525252525252,4825,0.1601117195124886,0.33016729989304705,0.024263228222990763
binary_75pct,SC_spectral,0.025252525252525252,4825,0.20152367340089244,0.4155631287571747,0.039206248471180594
binary_75pct,Geometric,0.025252525252525252,4825,0.32800163866059506,0.6763740700980772,0.10622499848917588
binary_75pct,Hybrid,0.025252525252525252,4825,0.3570984297309792,0.7363747307149999,0.12614831373029745
weighted_masked_topology,CP_baseline,0.0597979797979798,4654,0.20857984803806592,0.44708386955883245,0.042166814561480526
weighted_masked_topology,SC_spectral,0.0597979797979798,4654,0.23433176388224133,0.5022822326435834,0.053567666083572996
weighted_masked_topology,Geometric,0.0597979797979798,4654,0.3019122352843839,0.6471386938275311,0.08984080308822096
weighted_masked_topology,Hybrid,0.0597979797979798,4654,0.3514815996054631,0.7533889544384951,0.12222224796398173
weighted_unrestricted_topology_FLAWED,CP_baseline,0.8228282828282828,877,0.24306281647211275,0.5968730700378523,0.05620322417683665
weighted_unrestricted_topology_FLAWED,SC_spectral,0.8228282828282828,877,0.2783366457443889,0.6834926487760515,0.07480174923720018
weighted_unrestricted_topology_FLAWED,Geometric,0.8228282828282828,877,0.27186959135607003,0.667611936691484,0.07093975155403343
weighted_unrestricted_topology_FLAWED,Hybrid,0.8228282828282828,877,0.3314645058497433,0.8139551745785641,0.10713995782735286
