iter,null,test_r,test_R2
0,hemispheric_spin,0.27765500991358805,0.07578224319163285
1,hemispheric_spin,0.22528794568710026,0.04940269355547722
2,hemispheric_spin,0.1542090671588775,0.022470386245635687
3,hemispheric_spin,0.1831189720238838,0.032219025871987994
4,hemispheric_spin,0.14377293260282717,0.01935765142159407
5,hemispheric_spin,0.18865698136312364,0.03425832062385692
6,hemispheric_spin,0.21975478839953774,0.04693131652217997
7,hemispheric_spin,0.13209166369980616,0.016132445302961873
8,hemispheric_spin,0.18904848811878933,0.0343893154042304
9,hemispheric_spin,0.17849813578029783,0.030551117375400505
10,hemispheric_spin,0.25579856542058,0.06408055480673036
11,hemispheric_spin,0.264309465657966,0.0685248924230184
12,hemispheric_spin,0.21045008942266324,0.04293041120103258
13,hemispheric_spin,0.20632327771002065,0.04117287217587351
14,hemispheric_spin,0.16629246972142425,0.026279151894326724
15,hemispheric_spin,0.19263503795509795,0.03579754873994656
16,hemispheric_spin,0.17516248178444416,0.02935077642357764
17,hemispheric_spin,0.25831196801182643,0.06540890613534633
18,hemispheric_spin,0.18579899712116804,0.03297318384099279
19,hemispheric_spin,0.16188207999138973,0.024895573694744377
20,hemispheric_spin,0.19458418751457374,0.03655288959806646
21,hemispheric_spin,0.19012281758334643,0.03482804449362653
22,hemispheric_spin,0.22035013027298025,0.04722955731455092
23,hemispheric_spin,0.17047912007681756,0.02766675162872556
24,hemispheric_spin,0.18609205441078658,0.03328134165958985
25,hemispheric_spin,0.19960757416700683,0.038476261818985225
26,hemispheric_spin,0.22202506925253965,0.047985085319954046
27,hemispheric_spin,0.19447191649744475,0.03649859903402597
28,hemispheric_spin,0.15654299499173793,0.023160445620741266
29,hemispheric_spin,0.2262686331699846,0.0498873816764116
30,hemispheric_spin,0.20562697168350136,0.04096935960228576
31,hemispheric_spin,0.15278674940896353,0.02202227229907383
32,hemispheric_spin,0.17691127685528246,0.029972671546914964
33,hemispheric_spin,0.14895449934773017,0.02085950591604968
34,hemispheric_spin,0.20460403351691053,0.04055204624270636
35,hemispheric_spin,0.19291368481184307,0.03590225611937703
36,hemispheric_spin,0.16913291400180372,0.027282685785113947
37,hemispheric_spin,0.23849610505797553,0.055540957667742696
38,hemispheric_spin,0.19825147249664915,0.037968812551877895
39,hemispheric_spin,0.20639563311289275,0.04114266232705566
40,hemispheric_spin,0.2028533921818349,0.039837590730089856
41,hemispheric_spin,0.22780556686612008,0.0505809365415667
42,hemispheric_spin,0.19171615126442,0.035439876390317426
43,hemispheric_spin,0.1732337958291335,0.02863169638896723
44,hemispheric_spin,0.1697318279637172,0.02747415599502312
45,hemispheric_spin,0.18419190860598691,0.03259907059966405
46,hemispheric_spin,0.20180137299594447,0.039381917839783176
47,hemispheric_spin,0.2183599881792831,0.046341133014761615
48,hemispheric_spin,0.19183537832026626,0.035462973222773364
49,hemispheric_spin,0.22186516433419254,0.04791311143173216
50,hemispheric_spin,0.16978370825402378,0.027514600770866204
51,hemispheric_spin,0.1450761903304301,0.019686472593021365
52,hemispheric_spin,0.210029233258004,0.0427943948621855
53,hemispheric_spin,0.17561876883056218,0.02948281516608564
54,hemispheric_spin,0.18698455047614984,0.03364732689012073
55,hemispheric_spin,0.2126972547300521,0.04386536209622127
56,hemispheric_spin,0.18462055571112992,0.03276592018002633
57,hemispheric_spin,0.2246242936985062,0.04914606692331691
58,hemispheric_spin,0.21871874665660962,0.046526553513727587
59,hemispheric_spin,0.19606294170487923,0.037127827353023335
60,hemispheric_spin,0.15638425573617748,0.02312202155998866
61,hemispheric_spin,0.12502667699770795,0.014319622167224821
62,hemispheric_spin,0.1846386593924713,0.03272573220022745
63,hemispheric_spin,0.2692931163849773,0.07119084442837587
64,hemispheric_spin,0.19084432107350835,0.03509998654579349
65,hemispheric_spin,0.16514761221911767,0.0259472129427486
66,hemispheric_spin,0.1767250812562151,0.029717655159556933
67,hemispheric_spin,0.17652372685905152,0.02985030220964824
68,hemispheric_spin,0.17353361756040211,0.028798396211593635
69,hemispheric_spin,0.1356150788892463,0.017044356900258406
70,hemispheric_spin,0.15339491501687036,0.022128099834344606
71,hemispheric_spin,0.13330116510334988,0.016448672423902355
72,hemispheric_spin,0.17955914381235827,0.03092820253376749
73,hemispheric_spin,0.18237367405837432,0.03194252752147375
74,hemispheric_spin,0.16180501154818316,0.024868631940069608
75,hemispheric_spin,0.1998081979564464,0.03858623929302618
76,hemispheric_spin,0.252058768208303,0.0621768142030823
77,hemispheric_spin,0.17256638411435027,0.028302863420141766
78,hemispheric_spin,0.16258680474568638,0.025119825796542372
79,hemispheric_spin,0.13067486071322637,0.015718783177877338
80,hemispheric_spin,0.14950478058003547,0.02103001182455677
81,hemispheric_spin,0.14537279653085458,0.01977957630177818
82,hemispheric_spin,0.1361204414834273,0.01721259424516075
83,hemispheric_spin,0.17197210393369544,0.02826160914892939
84,hemispheric_spin,0.25649727890238455,0.06448070092290692
85,hemispheric_spin,0.17170939971950994,0.028169349570352775
86,hemispheric_spin,0.21098214262306322,0.04317869203287972
87,hemispheric_spin,0.2174225053903208,0.04595243044702502
88,hemispheric_spin,0.14914145759560143,0.02088344458004232
89,hemispheric_spin,0.16896006363941596,0.027237510918503127
90,hemispheric_spin,0.13907533164549823,0.018027148907399537
91,hemispheric_spin,0.15181321775721798,0.02171668062703591
92,hemispheric_spin,0.1581554744433053,0.02369830243682003
93,hemispheric_spin,0.2054465409304696,0.04082620371342072
94,hemispheric_spin,0.22649114089552186,0.04998816561387509
95,hemispheric_spin,0.16285442128683586,0.025207303209835774
96,hemispheric_spin,0.256471923188784,0.06446784913673398
97,hemispheric_spin,0.20371433233870173,0.04018906369888686
98,hemispheric_spin,0.22420334225874572,0.04893542368946069
99,hemispheric_spin,0.18514834128751984,0.03296847546114701
0,parcel_permutation,0.05265307969910227,0.00146224033989939
1,parcel_permutation,0.05844589435168963,0.00210577858676253
2,parcel_permutation,0.05789622736285191,0.0020275284197732724
3,parcel_permutation,0.08270765504714496,0.005529580943805512
4,parcel_permutation,0.07389733856125591,0.004146941345589905
5,parcel_permutation,0.053884120287820414,0.0015918611663566784
6,parcel_permutation,0.05226210428674469,0.0014168038985402642
7,parcel_permutation,0.08424429866974203,0.005743454058732
8,parcel_permutation,0.0796240602989569,0.005027403090359206
9,parcel_permutation,0.08454370043409824,0.005832654943068505
10,parcel_permutation,0.05901443518139803,0.002128597148515987
11,parcel_permutation,0.07305428366997684,0.004022725220219736
12,parcel_permutation,0.06872685343173134,0.00337110066151014
13,parcel_permutation,0.05357776083910141,0.00155487562785106
14,parcel_permutation,0.05879882521332156,0.0021416205446730396
15,parcel_permutation,0.07299339318292747,0.004017553505272442
16,parcel_permutation,0.04530392166147732,0.000741685958497329
17,parcel_permutation,0.06800580092145626,0.003314359335868544
18,parcel_permutation,0.055323294177449196,0.0017443775055393518
19,parcel_permutation,0.05426421509765579,0.0016341175996898993
20,parcel_permutation,0.059473735208585225,0.0022221191328586354
21,parcel_permutation,0.06344764100976068,0.0027152337000940774
22,parcel_permutation,0.05664031375062207,0.001897738063501464
23,parcel_permutation,0.07403243806439007,0.004088192782108813
24,parcel_permutation,0.07959622001659185,0.0050112694853338136
25,parcel_permutation,0.04836085617374731,0.0010279121604886976
26,parcel_permutation,0.05840965994151559,0.0020970632327110827
27,parcel_permutation,0.06420872722042037,0.0027791575889463127
28,parcel_permutation,0.07581097893600572,0.00443117895026468
29,parcel_permutation,0.06446450287489487,0.0028413103047335575
30,parcel_permutation,0.058008743783764624,0.002054471738042851
31,parcel_permutation,0.06989607925994328,0.0035736217142895432
32,parcel_permutation,0.051886707298791496,0.0013801332808610622
33,parcel_permutation,0.06435313961708841,0.002827316914615019
34,parcel_permutation,0.07291585664601685,0.004003505973885546
35,parcel_permutation,0.05997692174953132,0.0022766658213907442
36,parcel_permutation,0.05513260583573343,0.0017293244617058168
37,parcel_permutation,0.06795899015723661,0.0032467424472832906
38,parcel_permutation,0.059557657925326045,0.0021522299402046974
39,parcel_permutation,0.06396995840666388,0.002763417929831702
40,parcel_permutation,0.05595708996507681,0.0018211914496706338
41,parcel_permutation,0.0642614310369469,0.002819472522271882
42,parcel_permutation,0.04749521079284862,0.0009440261593228749
43,parcel_permutation,0.07091473592877547,0.0037070762212630948
44,parcel_permutation,0.06783797687555088,0.0032908753913095667
45,parcel_permutation,0.06415143683424968,0.0028053479573293405
46,parcel_permutation,0.05839721938950218,0.0021001959512494395
47,parcel_permutation,0.06732503130712846,0.0032218913613276667
48,parcel_permutation,0.05539756160906086,0.0017502894764332977
49,parcel_permutation,0.058394183433433555,0.002092498700472012
50,parcel_permutation,0.06087707844834486,0.0023811233302213353
51,parcel_permutation,0.05948378555367789,0.0022079879330878516
52,parcel_permutation,0.06487156093886079,0.002893073315392458
53,parcel_permutation,0.058254995499073495,0.0020795281582234315
54,parcel_permutation,0.09745980428622447,0.008188407843200851
55,parcel_permutation,0.0529110384822142,0.001486963439886746
56,parcel_permutation,0.05350771204601928,0.0015506025351569308
57,parcel_permutation,0.08472628902104055,0.005849258758452103
58,parcel_permutation,0.08669534127492698,0.0061864006511621605
59,parcel_permutation,0.05858785684835369,0.0021095863966530404
60,parcel_permutation,0.06127376840016773,0.0024439913191526275
61,parcel_permutation,0.06253873566971871,0.002566917706905647
62,parcel_permutation,0.053641814312954623,0.0015624417076172126
63,parcel_permutation,0.06077061854620861,0.002381611332692768
64,parcel_permutation,0.07760254003098058,0.004687575024786228
65,parcel_permutation,0.07643444195948589,0.004528393519092622
66,parcel_permutation,0.06341413596185905,0.002666060735668996
67,parcel_permutation,0.05921926902072942,0.0021916018211171062
68,parcel_permutation,0.06198675813429177,0.002529432669394538
69,parcel_permutation,0.048201454509510196,0.0010127786584906984
70,parcel_permutation,0.06746463332597702,0.0032329592556051834
71,parcel_permutation,0.054633434566325335,0.001672585562660811
72,parcel_permutation,0.06571299787724656,0.0030068997268500874
73,parcel_permutation,0.07647941077558174,0.004514187841721973
74,parcel_permutation,0.06003811016163546,0.002294583180636023
75,parcel_permutation,0.05732861463803432,0.0019627143842966266
76,parcel_permutation,0.05299440215360657,0.0014969007730910588
77,parcel_permutation,0.058815245192,0.002146437921738742
78,parcel_permutation,0.0572476475038155,0.0019649964691776933
79,parcel_permutation,0.060949604057048024,0.0024048475331602814
80,parcel_permutation,0.06870327088008678,0.0034099307396416867
81,parcel_permutation,0.07554032790196574,0.0043800490133737435
82,parcel_permutation,0.05989885039520529,0.0022685397384132333
83,parcel_permutation,0.044804430834852985,0.0006970694605235028
84,parcel_permutation,0.05129111109179718,0.0013197265306624795
85,parcel_permutation,0.05474100249128592,0.001677483135964497
86,parcel_permutation,0.08515160742210345,0.005940499739704785
87,parcel_permutation,0.060483357660562516,0.002294193307060155
88,parcel_permutation,0.05453600310862182,0.001661173312497155
89,parcel_permutation,0.056344191393824204,0.001864285917649644
90,parcel_permutation,0.05491699309197281,0.0017045288914231405
91,parcel_permutation,0.052982319623971874,0.0014936250823310848
92,parcel_permutation,0.05770238246667808,0.002018664526257319
93,parcel_permutation,0.07459535515921087,0.0042541744729801545
94,parcel_permutation,0.07769599791702218,0.004725584079141365
95,parcel_permutation,0.06727296427325692,0.00315529808117776
96,parcel_permutation,0.07110683492899497,0.0037344459571581057
97,parcel_permutation,0.05000286715174321,0.0011708939311554367
98,parcel_permutation,0.056330159914609414,0.0018507463259637147
99,parcel_permutation,0.07255263464036002,0.003942411578364058
